{"cameraMode":{"drawMode":0,"name":"Shaded","section":"Shading Mode"},"sceneLighting":true,"audioPlay":false,"sceneViewState":{"m_AlwaysRefresh":false,"showFog":true,"showSkybox":true,"showFlares":true,"showImageEffects":true,"showParticleSystems":true,"showVisualEffectGraphs":true,"m_FxEnabled":true},"in2DMode":false,"pivot":{"x":15.739999771118164,"y":0.8380000591278076,"z":-14.550000190734864},"rotation":{"x":-0.042118996381759647,"y":0.9225378632545471,"z":-0.36890286207199099,"w":-0.10541385412216187},"size":1.8788293600082398,"orthographic":false}