{"cameraMode":{"drawMode":0,"name":"Shaded","section":"Shading Mode"},"sceneLighting":false,"audioPlay":false,"sceneViewState":{"m_AlwaysRefresh":false,"showFog":true,"showSkybox":false,"showFlares":true,"showImageEffects":true,"showParticleSystems":true,"showVisualEffectGraphs":true,"m_FxEnabled":true},"in2DMode":false,"pivot":{"x":0.00044035911560058594,"y":2.4329261779785158,"z":0.010653853416442871},"rotation":{"x":0.18795467913150788,"y":-0.16965872049331666,"z":0.03297603502869606,"w":0.9668669104576111},"size":3.47756028175354,"orthographic":false}